{
    "mae": 1.0216928995572605,
    "rmse": 1.4439017930935731,
    "mape": 1.7310415286884877
}