{
    "mae": 2.9045663430140567,
    "rmse": 3.2950646613570327,
    "mape": 7.609036738847881
}