{
    "mae": 1.2710437041062574,
    "rmse": 1.4867784384098803,
    "mape": 4.031747598506367
}