{
    "mae": 3.3172655288989725,
    "rmse": 3.4108002109235414,
    "mape": 39.091702788500996
}