{
    "mae": 0.16705581775078407,
    "rmse": 0.2122532091598765,
    "mape": 1.6148374325034525
}