{"mae": 2.671601442190317, "rmse": 3.018800980643526, "mape": 4.474815423604424}