{"mae": 0.6241823343130257, "rmse": 0.7876489955319477, "mape": 2.014993726353727}