{
    "mae": 0.41843381753334624,
    "rmse": 0.5285310093339897,
    "mape": 4.615627716083508
}