{"mae": 1.2955332169165972, "rmse": 1.6774714145186902, "mape": 2.148771047424539}