{
    "mae": 0.5381263769589938,
    "rmse": 0.6937085456848588,
    "mape": 1.7230643336063949
}