{"mae": 1.8368653930150545, "rmse": 2.0206447289913494, "mape": 20.632663715177777}