{"mae": 1.9150518087240362, "rmse": 2.091279435281553, "mape": 6.094235093734604}