{"mae": 0.5990270376205443, "rmse": 0.7675260517128994, "mape": 6.422471978597458}