{
    "mae": 0.8175316773928132,
    "rmse": 1.1249674340309335,
    "mape": 2.09100437706801
}