{"mae": 1.8842012698833759, "rmse": 2.2737912758872807, "mape": 4.9130032044402885}