{"mae": 1.868868681100699, "rmse": 2.31413310649011, "mape": 4.806595140116462}