{
    "mae": 0.18951272047483003,
    "rmse": 0.24190752903927162,
    "mape": 1.797183897886655
}