{
    "mae": 0.7160455997173598,
    "rmse": 0.9248902231414109,
    "mape": 1.206415389661921
}