{"mae": 0.21768154547764704, "rmse": 0.26732535855041306, "mape": 2.059627191688311}