{"mae": 0.29105560596172625, "rmse": 0.3395932205827996, "mape": 2.823151933037976}