{
    "mae": 0.22269083903386042,
    "rmse": 0.26875896406138106,
    "mape": 2.0028473879131847
}