{
    "mae": 1.126557973714975,
    "rmse": 1.309567124747443,
    "mape": 2.025199754402094
}