{
    "mae": 0.12379737083728497,
    "rmse": 0.1539448044291312,
    "mape": 1.144711234119459
}