{
    "mae": 0.572795867919922,
    "rmse": 0.8642843629695363,
    "mape": 1.5313809279438757
}