{
    "mae": 0.5704623552469108,
    "rmse": 0.7059049381443986,
    "mape": 1.8555346994708997
}