{
    "mae": 0.34417145068828875,
    "rmse": 0.4150687983811804,
    "mape": 0.9908541594392525
}