{
    "mae": 0.5855118357218229,
    "rmse": 0.7203804341257645,
    "mape": 6.722418399861063
}