{
    "mae": 0.8356098395127523,
    "rmse": 0.9999032104866445,
    "mape": 1.4344886498362306
}