{
    "mae": 0.7469073396462661,
    "rmse": 0.8556973121104899,
    "mape": 8.712794895414975
}