{
    "mae": 0.4371758974515476,
    "rmse": 0.573297256024668,
    "mape": 1.4020420038846244
}