{"mae": 1.262523719897637, "rmse": 1.4942514814461545, "mape": 13.679484938022235}