{
    "mae": 0.6307371029487026,
    "rmse": 0.9066070718760749,
    "mape": 1.6246969086878467
}