{"mae": 0.26228593862973726, "rmse": 0.3174678029508697, "mape": 2.4687050892554874}