{"mae": 2.03309834920443, "rmse": 2.4494685707966255, "mape": 5.274943990882771}