{
    "mae": 0.2184356451034546,
    "rmse": 0.2719348087627528,
    "mape": 2.069085318613859
}