{
    "mae": 0.5733037499281075,
    "rmse": 0.7088186616795976,
    "mape": 6.249600575588577
}