{"mae": 0.7267786401968735, "rmse": 0.9138192573177882, "mape": 7.8458561069618655}