{
    "mae": 1.287791362175574,
    "rmse": 1.5777414463243142,
    "mape": 2.14755510073427
}