{
    "mae": 0.5892229446998007,
    "rmse": 0.7462620961003431,
    "mape": 1.8870330678913374
}