{"mae": 1.7952970358041616, "rmse": 2.2465394695446066, "mape": 4.650345660250169}