{"mae": 2.0482498315664444, "rmse": 2.4634255721903906, "mape": 3.3887308860861616}