{"mae": 0.6812565326690674, "rmse": 0.8570332438380088, "mape": 2.197407650568573}