{"mae": 1.8586686941293564, "rmse": 2.388106006904911, "mape": 3.0539062475937717}