{"mae": 0.17228534588446984, "rmse": 0.21541935017888483, "mape": 1.6684017332397212}