{"mae": 1.522725692162147, "rmse": 1.709721544306015, "mape": 4.83920109163832}