{
    "mae": 1.471762657165527,
    "rmse": 1.8538505697670886,
    "mape": 2.4391903340314105
}