{
    "mae": 0.7523377400178176,
    "rmse": 0.8683552455571881,
    "mape": 8.648475604013605
}