{
    "mae": 0.8885564987476056,
    "rmse": 1.1023157924930453,
    "mape": 2.818149299841412
}