{
    "mae": 0.7747299671173096,
    "rmse": 0.8115947768177437,
    "mape": 7.3469319519172975
}