{
    "mae": 1.2608847984900842,
    "rmse": 1.7736587517889935,
    "mape": 3.206203308140581
}