{"mae": 0.28254054142878604, "rmse": 0.3461701169763654, "mape": 0.8258248830126655}