{"mae": 0.17526544057405913, "rmse": 0.2221692570088836, "mape": 1.6156950291605687}