{"mae": 0.7289623480576736, "rmse": 0.9052445580639851, "mape": 1.3477553846304922}